[{"model": "contenttypes.contenttype", "pk": 1, "fields": {"app_label": "admin", "model": "logentry"}}, {"model": "contenttypes.contenttype", "pk": 2, "fields": {"app_label": "auth", "model": "permission"}}, {"model": "contenttypes.contenttype", "pk": 3, "fields": {"app_label": "auth", "model": "group"}}, {"model": "contenttypes.contenttype", "pk": 4, "fields": {"app_label": "auth", "model": "user"}}, {"model": "contenttypes.contenttype", "pk": 5, "fields": {"app_label": "contenttypes", "model": "contenttype"}}, {"model": "contenttypes.contenttype", "pk": 6, "fields": {"app_label": "sessions", "model": "session"}}, {"model": "contenttypes.contenttype", "pk": 7, "fields": {"app_label": "blogv1", "model": "blogv1"}}, {"model": "contenttypes.contenttype", "pk": 8, "fields": {"app_label": "blogv1", "model": "blogtype"}}, {"model": "contenttypes.contenttype", "pk": 9, "fields": {"app_label": "read_statistics", "model": "readnum"}}, {"model": "contenttypes.contenttype", "pk": 10, "fields": {"app_label": "read_statistics", "model": "readdetail"}}, {"model": "contenttypes.contenttype", "pk": 11, "fields": {"app_label": "comment", "model": "comment"}}, {"model": "contenttypes.contenttype", "pk": 12, "fields": {"app_label": "likes", "model": "likerecord"}}, {"model": "contenttypes.contenttype", "pk": 13, "fields": {"app_label": "likes", "model": "likecount"}}, {"model": "contenttypes.contenttype", "pk": 14, "fields": {"app_label": "user", "model": "profile"}}, {"model": "sessions.session", "pk": "4sqz5wm39tcy97nh7z5zuxt5z7n4v7ld", "fields": {"session_data": "YTM1MzE5Mjg3ZGI4ZjQzZDdlZGRmYWIxNzZlZjUzN2U0OWU1ZjkyZDp7Il9hdXRoX3VzZXJfaWQiOiIxIiwiX2F1dGhfdXNlcl9iYWNrZW5kIjoiZGphbmdvLmNvbnRyaWIuYXV0aC5iYWNrZW5kcy5Nb2RlbEJhY2tlbmQiLCJfYXV0aF91c2VyX2hhc2giOiIxYjA5NjRiOTZlNGZjOTdiYTA3ZmUwYzJhNWMzZGMyNTAwZDM0MGVkIn0=", "expire_date": "2020-03-26T01:29:46.254Z"}}, {"model": "sessions.session", "pk": "o5iz9fotswq2rnyz02m63s43yqokhf84", "fields": {"session_data": "ZTZkYjUwZTQ4NThkMGI0ZDJmMzgxMTE2MjUwYTY4ZDk5YzFjY2VkYTp7fQ==", "expire_date": "2020-03-19T15:30:09.604Z"}}, {"model": "blogv1.blogtype", "pk": 1, "fields": {"type_name": "sasa"}}, {"model": "blogv1.blogtype", "pk": 2, "fields": {"type_name": "\u5723\u6597\u58eb"}}, {"model": "blogv1.blogtype", "pk": 3, "fields": {"type_name": "gan"}}, {"model": "read_statistics.readnum", "pk": 12, "fields": {"read_num": 4, "content_type": 7, "object_id": 33}}, {"model": "read_statistics.readnum", "pk": 13, "fields": {"read_num": 1, "content_type": 7, "object_id": 31}}, {"model": "read_statistics.readnum", "pk": 14, "fields": {"read_num": 9, "content_type": 7, "object_id": 36}}, {"model": "read_statistics.readnum", "pk": 15, "fields": {"read_num": 3, "content_type": 7, "object_id": 35}}, {"model": "read_statistics.readnum", "pk": 16, "fields": {"read_num": 1, "content_type": 7, "object_id": 34}}, {"model": "read_statistics.readdetail", "pk": 16, "fields": {"date": "2020-03-06", "read_num": 1, "content_type": 7, "object_id": 33}}, {"model": "read_statistics.readdetail", "pk": 17, "fields": {"date": "2020-03-06", "read_num": 1, "content_type": 7, "object_id": 31}}, {"model": "read_statistics.readdetail", "pk": 18, "fields": {"date": "2020-03-06", "read_num": 1, "content_type": 7, "object_id": 36}}, {"model": "read_statistics.readdetail", "pk": 19, "fields": {"date": "2020-03-06", "read_num": 1, "content_type": 7, "object_id": 35}}, {"model": "read_statistics.readdetail", "pk": 20, "fields": {"date": "2020-03-06", "read_num": 1, "content_type": 7, "object_id": 34}}, {"model": "read_statistics.readdetail", "pk": 21, "fields": {"date": "2020-03-07", "read_num": 1, "content_type": 7, "object_id": 33}}, {"model": "read_statistics.readdetail", "pk": 22, "fields": {"date": "2020-03-07", "read_num": 1, "content_type": 7, "object_id": 36}}, {"model": "read_statistics.readdetail", "pk": 23, "fields": {"date": "2020-03-08", "read_num": 1, "content_type": 7, "object_id": 36}}, {"model": "read_statistics.readdetail", "pk": 24, "fields": {"date": "2020-03-08", "read_num": 1, "content_type": 7, "object_id": 33}}, {"model": "read_statistics.readdetail", "pk": 25, "fields": {"date": "2020-03-09", "read_num": 2, "content_type": 7, "object_id": 36}}, {"model": "read_statistics.readdetail", "pk": 26, "fields": {"date": "2020-03-09", "read_num": 1, "content_type": 7, "object_id": 33}}, {"model": "read_statistics.readdetail", "pk": 27, "fields": {"date": "2020-03-10", "read_num": 1, "content_type": 7, "object_id": 36}}, {"model": "read_statistics.readdetail", "pk": 28, "fields": {"date": "2020-03-11", "read_num": 3, "content_type": 7, "object_id": 36}}, {"model": "read_statistics.readdetail", "pk": 29, "fields": {"date": "2020-03-11", "read_num": 1, "content_type": 7, "object_id": 35}}, {"model": "read_statistics.readdetail", "pk": 30, "fields": {"date": "2020-03-12", "read_num": 1, "content_type": 7, "object_id": 35}}, {"model": "likes.likecount", "pk": 1, "fields": {"content_type": 7, "object_id": 36, "liked_num": 0}}, {"model": "likes.likecount", "pk": 2, "fields": {"content_type": 11, "object_id": 12, "liked_num": 2}}, {"model": "likes.likecount", "pk": 3, "fields": {"content_type": 11, "object_id": 13, "liked_num": 0}}, {"model": "likes.likecount", "pk": 4, "fields": {"content_type": 11, "object_id": 14, "liked_num": 0}}, {"model": "likes.likecount", "pk": 5, "fields": {"content_type": 7, "object_id": 35, "liked_num": 0}}, {"model": "likes.likecount", "pk": 6, "fields": {"content_type": 7, "object_id": 34, "liked_num": 0}}, {"model": "likes.likecount", "pk": 7, "fields": {"content_type": 7, "object_id": 33, "liked_num": 0}}, {"model": "likes.likecount", "pk": 8, "fields": {"content_type": 7, "object_id": 32, "liked_num": 0}}, {"model": "likes.likecount", "pk": 9, "fields": {"content_type": 7, "object_id": 31, "liked_num": 0}}, {"model": "likes.likecount", "pk": 10, "fields": {"content_type": 7, "object_id": 30, "liked_num": 0}}, {"model": "likes.likecount", "pk": 11, "fields": {"content_type": 11, "object_id": 8, "liked_num": 0}}, {"model": "likes.likecount", "pk": 12, "fields": {"content_type": 11, "object_id": 9, "liked_num": 0}}, {"model": "likes.likecount", "pk": 13, "fields": {"content_type": 11, "object_id": 10, "liked_num": 0}}, {"model": "likes.likecount", "pk": 14, "fields": {"content_type": 11, "object_id": 11, "liked_num": 0}}, {"model": "likes.likecount", "pk": 15, "fields": {"content_type": 11, "object_id": 7, "liked_num": 0}}, {"model": "likes.likecount", "pk": 16, "fields": {"content_type": 11, "object_id": 6, "liked_num": 0}}, {"model": "likes.likecount", "pk": 17, "fields": {"content_type": 11, "object_id": 5, "liked_num": 0}}, {"model": "likes.likecount", "pk": 18, "fields": {"content_type": 11, "object_id": 4, "liked_num": 0}}, {"model": "likes.likecount", "pk": 19, "fields": {"content_type": 11, "object_id": 3, "liked_num": 0}}, {"model": "likes.likecount", "pk": 20, "fields": {"content_type": 11, "object_id": 15, "liked_num": 0}}, {"model": "likes.likecount", "pk": 21, "fields": {"content_type": 11, "object_id": 16, "liked_num": 0}}, {"model": "likes.likecount", "pk": 22, "fields": {"content_type": 11, "object_id": 17, "liked_num": 0}}, {"model": "likes.likecount", "pk": 23, "fields": {"content_type": 11, "object_id": 18, "liked_num": 0}}, {"model": "likes.likecount", "pk": 24, "fields": {"content_type": 11, "object_id": 19, "liked_num": 0}}, {"model": "likes.likecount", "pk": 25, "fields": {"content_type": 11, "object_id": 22, "liked_num": 0}}, {"model": "likes.likecount", "pk": 26, "fields": {"content_type": 11, "object_id": 21, "liked_num": 0}}, {"model": "likes.likecount", "pk": 27, "fields": {"content_type": 11, "object_id": 20, "liked_num": 0}}, {"model": "likes.likecount", "pk": 28, "fields": {"content_type": 11, "object_id": 25, "liked_num": 0}}, {"model": "likes.likecount", "pk": 29, "fields": {"content_type": 11, "object_id": 24, "liked_num": 0}}, {"model": "likes.likecount", "pk": 30, "fields": {"content_type": 11, "object_id": 23, "liked_num": 0}}, {"model": "likes.likecount", "pk": 31, "fields": {"content_type": 11, "object_id": 29, "liked_num": 0}}, {"model": "likes.likecount", "pk": 32, "fields": {"content_type": 11, "object_id": 28, "liked_num": 0}}, {"model": "likes.likecount", "pk": 33, "fields": {"content_type": 11, "object_id": 27, "liked_num": 0}}, {"model": "likes.likecount", "pk": 34, "fields": {"content_type": 11, "object_id": 26, "liked_num": 0}}, {"model": "likes.likecount", "pk": 35, "fields": {"content_type": 11, "object_id": 30, "liked_num": 0}}, {"model": "likes.likecount", "pk": 36, "fields": {"content_type": 11, "object_id": 31, "liked_num": 0}}, {"model": "likes.likecount", "pk": 37, "fields": {"content_type": 11, "object_id": 32, "liked_num": 0}}, {"model": "likes.likecount", "pk": 38, "fields": {"content_type": 11, "object_id": 33, "liked_num": 0}}, {"model": "auth.permission", "pk": 1, "fields": {"name": "Can add log entry", "content_type": 1, "codename": "add_logentry"}}, {"model": "auth.permission", "pk": 2, "fields": {"name": "Can change log entry", "content_type": 1, "codename": "change_logentry"}}, {"model": "auth.permission", "pk": 3, "fields": {"name": "Can delete log entry", "content_type": 1, "codename": "delete_logentry"}}, {"model": "auth.permission", "pk": 4, "fields": {"name": "Can view log entry", "content_type": 1, "codename": "view_logentry"}}, {"model": "auth.permission", "pk": 5, "fields": {"name": "Can add permission", "content_type": 2, "codename": "add_permission"}}, {"model": "auth.permission", "pk": 6, "fields": {"name": "Can change permission", "content_type": 2, "codename": "change_permission"}}, {"model": "auth.permission", "pk": 7, "fields": {"name": "Can delete permission", "content_type": 2, "codename": "delete_permission"}}, {"model": "auth.permission", "pk": 8, "fields": {"name": "Can view permission", "content_type": 2, "codename": "view_permission"}}, {"model": "auth.permission", "pk": 9, "fields": {"name": "Can add group", "content_type": 3, "codename": "add_group"}}, {"model": "auth.permission", "pk": 10, "fields": {"name": "Can change group", "content_type": 3, "codename": "change_group"}}, {"model": "auth.permission", "pk": 11, "fields": {"name": "Can delete group", "content_type": 3, "codename": "delete_group"}}, {"model": "auth.permission", "pk": 12, "fields": {"name": "Can view group", "content_type": 3, "codename": "view_group"}}, {"model": "auth.permission", "pk": 13, "fields": {"name": "Can add user", "content_type": 4, "codename": "add_user"}}, {"model": "auth.permission", "pk": 14, "fields": {"name": "Can change user", "content_type": 4, "codename": "change_user"}}, {"model": "auth.permission", "pk": 15, "fields": {"name": "Can delete user", "content_type": 4, "codename": "delete_user"}}, {"model": "auth.permission", "pk": 16, "fields": {"name": "Can view user", "content_type": 4, "codename": "view_user"}}, {"model": "auth.permission", "pk": 17, "fields": {"name": "Can add content type", "content_type": 5, "codename": "add_contenttype"}}, {"model": "auth.permission", "pk": 18, "fields": {"name": "Can change content type", "content_type": 5, "codename": "change_contenttype"}}, {"model": "auth.permission", "pk": 19, "fields": {"name": "Can delete content type", "content_type": 5, "codename": "delete_contenttype"}}, {"model": "auth.permission", "pk": 20, "fields": {"name": "Can view content type", "content_type": 5, "codename": "view_contenttype"}}, {"model": "auth.permission", "pk": 21, "fields": {"name": "Can add session", "content_type": 6, "codename": "add_session"}}, {"model": "auth.permission", "pk": 22, "fields": {"name": "Can change session", "content_type": 6, "codename": "change_session"}}, {"model": "auth.permission", "pk": 23, "fields": {"name": "Can delete session", "content_type": 6, "codename": "delete_session"}}, {"model": "auth.permission", "pk": 24, "fields": {"name": "Can view session", "content_type": 6, "codename": "view_session"}}, {"model": "auth.permission", "pk": 25, "fields": {"name": "Can add blogv1", "content_type": 7, "codename": "add_blogv1"}}, {"model": "auth.permission", "pk": 26, "fields": {"name": "Can change blogv1", "content_type": 7, "codename": "change_blogv1"}}, {"model": "auth.permission", "pk": 27, "fields": {"name": "Can delete blogv1", "content_type": 7, "codename": "delete_blogv1"}}, {"model": "auth.permission", "pk": 28, "fields": {"name": "Can view blogv1", "content_type": 7, "codename": "view_blogv1"}}, {"model": "auth.permission", "pk": 29, "fields": {"name": "Can add blog type", "content_type": 8, "codename": "add_blogtype"}}, {"model": "auth.permission", "pk": 30, "fields": {"name": "Can change blog type", "content_type": 8, "codename": "change_blogtype"}}, {"model": "auth.permission", "pk": 31, "fields": {"name": "Can delete blog type", "content_type": 8, "codename": "delete_blogtype"}}, {"model": "auth.permission", "pk": 32, "fields": {"name": "Can view blog type", "content_type": 8, "codename": "view_blogtype"}}, {"model": "auth.permission", "pk": 33, "fields": {"name": "Can add read num", "content_type": 9, "codename": "add_readnum"}}, {"model": "auth.permission", "pk": 34, "fields": {"name": "Can change read num", "content_type": 9, "codename": "change_readnum"}}, {"model": "auth.permission", "pk": 35, "fields": {"name": "Can delete read num", "content_type": 9, "codename": "delete_readnum"}}, {"model": "auth.permission", "pk": 36, "fields": {"name": "Can view read num", "content_type": 9, "codename": "view_readnum"}}, {"model": "auth.permission", "pk": 37, "fields": {"name": "Can add read detail", "content_type": 10, "codename": "add_readdetail"}}, {"model": "auth.permission", "pk": 38, "fields": {"name": "Can change read detail", "content_type": 10, "codename": "change_readdetail"}}, {"model": "auth.permission", "pk": 39, "fields": {"name": "Can delete read detail", "content_type": 10, "codename": "delete_readdetail"}}, {"model": "auth.permission", "pk": 40, "fields": {"name": "Can view read detail", "content_type": 10, "codename": "view_readdetail"}}, {"model": "auth.permission", "pk": 41, "fields": {"name": "Can add comment", "content_type": 11, "codename": "add_comment"}}, {"model": "auth.permission", "pk": 42, "fields": {"name": "Can change comment", "content_type": 11, "codename": "change_comment"}}, {"model": "auth.permission", "pk": 43, "fields": {"name": "Can delete comment", "content_type": 11, "codename": "delete_comment"}}, {"model": "auth.permission", "pk": 44, "fields": {"name": "Can view comment", "content_type": 11, "codename": "view_comment"}}, {"model": "auth.permission", "pk": 45, "fields": {"name": "Can add like record", "content_type": 12, "codename": "add_likerecord"}}, {"model": "auth.permission", "pk": 46, "fields": {"name": "Can change like record", "content_type": 12, "codename": "change_likerecord"}}, {"model": "auth.permission", "pk": 47, "fields": {"name": "Can delete like record", "content_type": 12, "codename": "delete_likerecord"}}, {"model": "auth.permission", "pk": 48, "fields": {"name": "Can view like record", "content_type": 12, "codename": "view_likerecord"}}, {"model": "auth.permission", "pk": 49, "fields": {"name": "Can add like count", "content_type": 13, "codename": "add_likecount"}}, {"model": "auth.permission", "pk": 50, "fields": {"name": "Can change like count", "content_type": 13, "codename": "change_likecount"}}, {"model": "auth.permission", "pk": 51, "fields": {"name": "Can delete like count", "content_type": 13, "codename": "delete_likecount"}}, {"model": "auth.permission", "pk": 52, "fields": {"name": "Can view like count", "content_type": 13, "codename": "view_likecount"}}, {"model": "auth.permission", "pk": 53, "fields": {"name": "Can add profile", "content_type": 14, "codename": "add_profile"}}, {"model": "auth.permission", "pk": 54, "fields": {"name": "Can change profile", "content_type": 14, "codename": "change_profile"}}, {"model": "auth.permission", "pk": 55, "fields": {"name": "Can delete profile", "content_type": 14, "codename": "delete_profile"}}, {"model": "auth.permission", "pk": 56, "fields": {"name": "Can view profile", "content_type": 14, "codename": "view_profile"}}, {"model": "auth.user", "pk": 1, "fields": {"password": "pbkdf2_sha256$150000$keyXUgTUVMSr$66cnNZ2LCJFtBV3zQoWKZd8thdnpGoOF6pGNLbBhrJ8=", "last_login": "2020-03-12T01:29:46.127Z", "is_superuser": true, "username": "june", "first_name": "", "last_name": "", "email": "junedavid@qq.com", "is_staff": true, "is_active": true, "date_joined": "2020-03-01T04:03:34.674Z", "groups": [], "user_permissions": []}}, {"model": "auth.user", "pk": 2, "fields": {"password": "pbkdf2_sha256$150000$tF6DIowOyeFa$BOkupNG/aEAE9gXH0VobexHj6GZ3o12iSqQDwlNNN4M=", "last_login": "2020-03-11T11:08:17.383Z", "is_superuser": false, "username": "egoist", "first_name": "", "last_name": "", "email": "468204510@qq.com", "is_staff": false, "is_active": true, "date_joined": "2020-03-06T15:50:00Z", "groups": [], "user_permissions": []}}, {"model": "blogv1.blogv1", "pk": 1, "fields": {"title": "sds", "content": "sasa", "created_time": "2020-03-01T04:04:22.921Z", "last_updated_time": "2020-03-01T04:04:22.921Z", "author": 1, "is_deleted": false, "blog_type": 1}}, {"model": "blogv1.blogv1", "pk": 2, "fields": {"title": "sds", "content": "sdsds", "created_time": "2020-03-01T04:28:34.704Z", "last_updated_time": "2020-03-01T04:28:34.704Z", "author": 1, "is_deleted": false, "blog_type": 1}}, {"model": "blogv1.blogv1", "pk": 3, "fields": {"title": "abc", "content": "\u6211\u90fd\u662f\u90fd\u662f", "created_time": "2020-03-01T04:28:58.298Z", "last_updated_time": "2020-03-01T04:28:58.298Z", "author": 1, "is_deleted": false, "blog_type": 2}}, {"model": "blogv1.blogv1", "pk": 4, "fields": {"title": "23451", "content": "\u591a\u8bf4\u70b9\u4e0a\u5355\u662f", "created_time": "2020-03-01T04:29:32.793Z", "last_updated_time": "2020-03-01T04:29:32.793Z", "author": 1, "is_deleted": false, "blog_type": 3}}, {"model": "blogv1.blogv1", "pk": 5, "fields": {"title": "\u6211\u662f\u8c01\u7684\u8c01", "content": "\u90fd\u662f\u5bf9\u7684\u5723\u6597\u58eb", "created_time": "2020-03-01T13:11:07.913Z", "last_updated_time": "2020-03-01T13:11:07.913Z", "author": 1, "is_deleted": false, "blog_type": 2}}, {"model": "blogv1.blogv1", "pk": 6, "fields": {"title": "shell\u4e0b\u7684\u793a\u4f8b", "content": "\u793a\u4f8b\u5185\u5bb9", "created_time": "2020-03-02T14:23:29.994Z", "last_updated_time": "2020-03-02T14:23:29.994Z", "author": 1, "is_deleted": false, "blog_type": 2}}, {"model": "blogv1.blogv1", "pk": 7, "fields": {"title": "for 1", "content": "\u7edf\u8ba1\u7b2c1\u7bc7", "created_time": "2020-03-02T14:30:44.372Z", "last_updated_time": "2020-03-02T14:30:44.372Z", "author": 1, "is_deleted": false, "blog_type": 2}}, {"model": "blogv1.blogv1", "pk": 8, "fields": {"title": "for 2", "content": "\u7edf\u8ba1\u7b2c2\u7bc7", "created_time": "2020-03-02T14:30:44.772Z", "last_updated_time": "2020-03-02T14:30:44.772Z", "author": 1, "is_deleted": false, "blog_type": 2}}, {"model": "blogv1.blogv1", "pk": 9, "fields": {"title": "for 3", "content": "\u7edf\u8ba1\u7b2c3\u7bc7", "created_time": "2020-03-02T14:30:44.947Z", "last_updated_time": "2020-03-02T14:30:44.947Z", "author": 1, "is_deleted": false, "blog_type": 2}}, {"model": "blogv1.blogv1", "pk": 10, "fields": {"title": "for 4", "content": "\u7edf\u8ba1\u7b2c4\u7bc7", "created_time": "2020-03-02T14:30:45.096Z", "last_updated_time": "2020-03-02T14:30:45.096Z", "author": 1, "is_deleted": false, "blog_type": 2}}, {"model": "blogv1.blogv1", "pk": 11, "fields": {"title": "for 5", "content": "\u7edf\u8ba1\u7b2c5\u7bc7", "created_time": "2020-03-02T14:30:45.214Z", "last_updated_time": "2020-03-02T14:30:45.214Z", "author": 1, "is_deleted": false, "blog_type": 2}}, {"model": "blogv1.blogv1", "pk": 12, "fields": {"title": "for 6", "content": "\u7edf\u8ba1\u7b2c6\u7bc7", "created_time": "2020-03-02T14:30:45.322Z", "last_updated_time": "2020-03-02T14:30:45.322Z", "author": 1, "is_deleted": false, "blog_type": 2}}, {"model": "blogv1.blogv1", "pk": 13, "fields": {"title": "for 7", "content": "\u7edf\u8ba1\u7b2c7\u7bc7", "created_time": "2020-03-02T14:30:45.438Z", "last_updated_time": "2020-03-02T14:30:45.438Z", "author": 1, "is_deleted": false, "blog_type": 2}}, {"model": "blogv1.blogv1", "pk": 14, "fields": {"title": "for 8", "content": "\u7edf\u8ba1\u7b2c8\u7bc7", "created_time": "2020-03-02T14:30:45.563Z", "last_updated_time": "2020-03-02T14:30:45.563Z", "author": 1, "is_deleted": false, "blog_type": 2}}, {"model": "blogv1.blogv1", "pk": 15, "fields": {"title": "for 9", "content": "\u7edf\u8ba1\u7b2c9\u7bc7", "created_time": "2020-03-02T14:30:45.731Z", "last_updated_time": "2020-03-02T14:30:45.731Z", "author": 1, "is_deleted": false, "blog_type": 2}}, {"model": "blogv1.blogv1", "pk": 16, "fields": {"title": "for 10", "content": "\u7edf\u8ba1\u7b2c10\u7bc7", "created_time": "2020-03-02T14:30:45.846Z", "last_updated_time": "2020-03-02T14:30:45.846Z", "author": 1, "is_deleted": false, "blog_type": 2}}, {"model": "blogv1.blogv1", "pk": 17, "fields": {"title": "for 11", "content": "\u7edf\u8ba1\u7b2c11\u7bc7", "created_time": "2020-03-02T14:30:45.956Z", "last_updated_time": "2020-03-02T14:30:45.956Z", "author": 1, "is_deleted": false, "blog_type": 2}}, {"model": "blogv1.blogv1", "pk": 18, "fields": {"title": "for 12", "content": "\u7edf\u8ba1\u7b2c12\u7bc7", "created_time": "2020-03-02T14:30:46.073Z", "last_updated_time": "2020-03-02T14:30:46.073Z", "author": 1, "is_deleted": false, "blog_type": 2}}, {"model": "blogv1.blogv1", "pk": 19, "fields": {"title": "for 13", "content": "\u7edf\u8ba1\u7b2c13\u7bc7", "created_time": "2020-03-02T14:30:46.238Z", "last_updated_time": "2020-03-02T14:30:46.238Z", "author": 1, "is_deleted": false, "blog_type": 2}}, {"model": "blogv1.blogv1", "pk": 20, "fields": {"title": "for 14", "content": "\u7edf\u8ba1\u7b2c14\u7bc7", "created_time": "2020-03-02T14:30:46.354Z", "last_updated_time": "2020-03-02T14:30:46.354Z", "author": 1, "is_deleted": false, "blog_type": 2}}, {"model": "blogv1.blogv1", "pk": 21, "fields": {"title": "for 15", "content": "\u7edf\u8ba1\u7b2c15\u7bc7", "created_time": "2020-03-02T14:30:46.564Z", "last_updated_time": "2020-03-02T14:30:46.564Z", "author": 1, "is_deleted": false, "blog_type": 2}}, {"model": "blogv1.blogv1", "pk": 22, "fields": {"title": "for 16", "content": "\u7edf\u8ba1\u7b2c16\u7bc7", "created_time": "2020-03-02T14:30:46.763Z", "last_updated_time": "2020-03-02T14:30:46.763Z", "author": 1, "is_deleted": false, "blog_type": 2}}, {"model": "blogv1.blogv1", "pk": 23, "fields": {"title": "for 17", "content": "\u7edf\u8ba1\u7b2c17\u7bc7", "created_time": "2020-03-02T14:30:46.880Z", "last_updated_time": "2020-03-02T14:30:46.880Z", "author": 1, "is_deleted": false, "blog_type": 2}}, {"model": "blogv1.blogv1", "pk": 24, "fields": {"title": "for 18", "content": "\u7edf\u8ba1\u7b2c18\u7bc7", "created_time": "2020-03-02T14:30:46.997Z", "last_updated_time": "2020-03-02T14:30:46.997Z", "author": 1, "is_deleted": false, "blog_type": 2}}, {"model": "blogv1.blogv1", "pk": 25, "fields": {"title": "for 19", "content": "\u7edf\u8ba1\u7b2c19\u7bc7", "created_time": "2020-03-02T14:30:47.122Z", "last_updated_time": "2020-03-02T14:30:47.122Z", "author": 1, "is_deleted": false, "blog_type": 2}}, {"model": "blogv1.blogv1", "pk": 26, "fields": {"title": "for 20", "content": "\u7edf\u8ba1\u7b2c20\u7bc7", "created_time": "2020-03-02T14:30:47.246Z", "last_updated_time": "2020-03-02T14:30:47.246Z", "author": 1, "is_deleted": false, "blog_type": 2}}, {"model": "blogv1.blogv1", "pk": 27, "fields": {"title": "for 21", "content": "\u7edf\u8ba1\u7b2c21\u7bc7", "created_time": "2020-03-02T14:30:47.364Z", "last_updated_time": "2020-03-02T14:30:47.364Z", "author": 1, "is_deleted": false, "blog_type": 2}}, {"model": "blogv1.blogv1", "pk": 28, "fields": {"title": "for 22", "content": "\u7edf\u8ba1\u7b2c22\u7bc7", "created_time": "2020-03-02T14:30:47.489Z", "last_updated_time": "2020-03-02T14:30:47.489Z", "author": 1, "is_deleted": false, "blog_type": 2}}, {"model": "blogv1.blogv1", "pk": 29, "fields": {"title": "for 23", "content": "\u7edf\u8ba1\u7b2c23\u7bc7", "created_time": "2020-03-02T14:30:47.681Z", "last_updated_time": "2020-03-02T14:30:47.681Z", "author": 1, "is_deleted": false, "blog_type": 2}}, {"model": "blogv1.blogv1", "pk": 30, "fields": {"title": "for 24", "content": "\u7edf\u8ba1\u7b2c24\u7bc7", "created_time": "2020-03-02T14:30:47.805Z", "last_updated_time": "2020-03-02T14:30:47.805Z", "author": 1, "is_deleted": false, "blog_type": 2}}, {"model": "blogv1.blogv1", "pk": 31, "fields": {"title": "for 25", "content": "\u7edf\u8ba1\u7b2c25\u7bc7", "created_time": "2020-03-02T14:30:47.972Z", "last_updated_time": "2020-03-02T14:30:47.972Z", "author": 1, "is_deleted": false, "blog_type": 2}}, {"model": "blogv1.blogv1", "pk": 32, "fields": {"title": "for 26", "content": "\u7edf\u8ba1\u7b2c26\u7bc7", "created_time": "2020-03-02T14:30:48.089Z", "last_updated_time": "2020-03-02T14:30:48.089Z", "author": 1, "is_deleted": false, "blog_type": 2}}, {"model": "blogv1.blogv1", "pk": 33, "fields": {"title": "for 27", "content": "\u7edf\u8ba1\u7b2c27\u7bc7", "created_time": "2020-03-02T14:30:48.221Z", "last_updated_time": "2020-03-02T14:30:48.221Z", "author": 1, "is_deleted": false, "blog_type": 2}}, {"model": "blogv1.blogv1", "pk": 34, "fields": {"title": "for 28", "content": "<p><strong>\u7edf\u8ba1\u7b2c28\u7bc7</strong></p>", "created_time": "2020-03-02T14:30:48.330Z", "last_updated_time": "2020-03-04T07:09:23.614Z", "author": 1, "is_deleted": false, "blog_type": 2}}, {"model": "blogv1.blogv1", "pk": 35, "fields": {"title": "\u5c0f\u7c73\u767e\u79d1", "content": "<p><strong>\u5317\u4eac\u5c0f\u7c73\u79d1\u6280\u6709\u9650\u8d23\u4efb\u516c\u53f8</strong> \u7f16\u8f91 \u540c\u4e49\u8bcd \u5c0f\u7c73\u516c\u53f8\u4e00\u822c\u6307\u5317\u4eac\u5c0f\u7c73\u79d1\u6280\u6709\u9650\u8d23\u4efb\u516c\u53f8 \u5317\u4eac\u5c0f\u7c73\u79d1\u6280\u6709\u9650\u8d23\u4efb\u516c\u53f8\u6210\u7acb [1] \u4e8e2010\u5e743\u67083\u65e5 [2] \uff0c\u662f\u4e00\u5bb6\u4e13\u6ce8\u4e8e\u667a\u80fd\u786c\u4ef6\u548c\u7535\u5b50\u4ea7\u54c1\u7814\u53d1\u7684\u79fb\u52a8\u4e92\u8054\u7f51\u516c\u53f8\uff0c\u540c\u65f6\u4e5f\u662f\u4e00\u5bb6\u4e13\u6ce8\u4e8e\u9ad8\u7aef\u667a\u80fd\u624b\u673a\u3001\u4e92\u8054\u7f51\u7535\u89c6\u4ee5\u53ca\u667a\u80fd\u5bb6\u5c45\u751f\u6001\u94fe\u5efa\u8bbe\u7684\u521b\u65b0\u578b\u79d1\u6280\u4f01\u4e1a\u3002 [3] \u5c0f\u7c73\u516c\u53f8\u521b\u9020\u4e86\u7528\u4e92\u8054\u7f51\u6a21\u5f0f\u5f00\u53d1\u624b\u673a\u64cd\u4f5c\u7cfb\u7edf\u3001\u53d1\u70e7\u53cb\u53c2\u4e0e\u5f00\u53d1\u6539\u8fdb\u7684\u6a21\u5f0f\u3002\u5c0f\u7c73\u8fd8\u662f\u7ee7\u82f9\u679c\u3001\u4e09\u661f\u3001\u534e\u4e3a\u4e4b\u540e\u7b2c\u56db\u5bb6\u62e5\u6709\u624b\u673a\u82af\u7247\u81ea\u7814\u80fd\u529b\u7684\u79d1\u6280\u516c\u53f8\u30022018\u5e747\u67089\u65e5\u5728\u9999\u6e2f\u4ea4\u6613\u6240\u4e3b\u677f\u6302\u724c\u4e0a\u5e02\uff0c\u6210\u4e3a\u6e2f\u4ea4\u6240\u4e0a\u5e02\u5236\u5ea6\u6539\u9769\u540e\u9996\u5bb6\u91c7\u7528\u4e0d\u540c\u6295\u7968\u6743\u67b6\u6784\u7684\u4e0a\u5e02\u4f01\u4e1a\u3002 [4] &ldquo;\u4e3a\u53d1\u70e7\u800c\u751f&rdquo;\u662f\u5c0f\u7c73\u7684\u4ea7\u54c1\u6982\u5ff5\u3002&ldquo;\u8ba9\u6bcf\u4e2a\u4eba\u90fd\u80fd\u4eab\u53d7\u79d1\u6280\u7684\u4e50\u8da3&rdquo;\u662f\u5c0f\u7c73\u516c\u53f8\u7684\u613f\u666f\u3002\u5c0f\u7c73\u516c\u53f8\u5e94\u7528\u4e86\u4e92\u8054\u7f51\u5f00\u53d1\u6a21\u5f0f\u5f00\u53d1\u4ea7\u54c1\u7684\u6a21\u5f0f\uff0c\u7528\u6781\u5ba2\u7cbe\u795e\u505a\u4ea7\u54c1\uff0c\u7528\u4e92\u8054\u7f51\u6a21\u5f0f\u5e72\u6389\u4e2d\u95f4\u73af\u8282\uff0c\u81f4\u529b\u8ba9\u5168\u7403\u6bcf\u4e2a\u4eba\uff0c\u90fd\u80fd\u4eab\u7528\u6765\u81ea\u4e2d\u56fd\u7684\u4f18\u8d28\u79d1\u6280\u4ea7\u54c1\u3002 [3] \u5c0f\u7c73\u5df2\u7ecf\u5efa\u6210\u4e86\u5168\u7403\u6700\u5927\u6d88\u8d39\u7c7bIoT\u7269\u8054\u7f51\u5e73\u53f0\uff0c\u8fde\u63a5\u8d85\u8fc71\u4ebf\u53f0\u667a\u80fd\u8bbe\u5907 [5] \uff0cMIUI\u6708\u6d3b\u8dc3\u7528\u6237\u8fbe\u52302.42\u4ebf [6] \u3002\u5c0f\u7c73\u7cfb\u6295\u8d44\u7684\u516c\u53f8\u63a5\u8fd1400\u5bb6\uff0c\u8986\u76d6\u667a\u80fd\u786c\u4ef6\u3001\u751f\u6d3b\u6d88\u8d39\u7528\u54c1\u3001\u6559\u80b2\u3001\u6e38\u620f\u3001\u793e\u4ea4\u7f51\u7edc\u3001\u6587\u5316\u5a31\u4e50\u3001\u533b\u7597\u5065\u5eb7\u3001\u6c7d\u8f66\u4ea4\u901a\u3001\u91d1\u878d\u7b49\u9886\u57df\u3002 2019\u5e746\u6708\uff0c\u5c0f\u7c73\u79d1\u6280\u5165\u90092019\u798f\u5e03\u65af\u4e2d\u56fd\u6700\u5177\u521b\u65b0\u529b\u4f01\u4e1a\u699c\u3002 [7-8] 2019\u5e747\u6708\uff0c2019\u4e16\u754c500\u5f3a\u6392\u884c\u699c\u53d1\u5e03\uff0c\u5c0f\u7c73\u6392\u540d468\u4f4d [9] \u30022019\u5e7410\u6708\uff0c2019\u798f\u5e03\u65af\u5168\u7403\u6570\u5b57\u7ecf\u6d4e100\u5f3a\u699c\u53d1\u5e03\uff0c\u5c0f\u7c73\u4f4d\u5217\u7b2c56\u4f4d\u3002 [10] 2019\u5e7412\u670818\u65e5\uff0c\u4eba\u6c11\u65e5\u62a5&ldquo;\u4e2d\u56fd\u54c1\u724c\u53d1\u5c55\u6307\u6570&rdquo;100\u699c\u5355\u6392\u540d30\u4f4d\u3002 [11] 2019\u5e74\uff0c\u5c0f\u7c73\u624b\u673a\u51fa\u8d27\u91cf1.25\u4ebf\u53f0\uff0c\u5168\u7403\u6392\u540d\u7b2c\u56db\uff0c [12] \u7535\u89c6\u5728\u4e2d\u56fd\u552e\u51fa1021\u4e07\u53f0\uff0c\u6392\u540d\u7b2c\u4e00\u3002 [13] \u5165\u56f42020\u5168\u7403\u767e\u5f3a\u521b\u65b0\u540d\u5355\uff0cAI\u7b49\u4e13\u5229\u4f4d\u4e8e\u5168\u7403\u524d\u5217\u3002 [14]<img alt=\"\" src=\"/media/upload/2020/03/04/hearthstone-screenshot-02-24-17-122156.png\" style=\"height:240px; width:360px\" /></p>", "created_time": "2020-03-02T14:30:48.438Z", "last_updated_time": "2020-03-04T07:38:15.923Z", "author": 1, "is_deleted": false, "blog_type": 2}}, {"model": "blogv1.blogv1", "pk": 36, "fields": {"title": "for 30", "content": "\u7edf\u8ba1\u7b2c30\u7bc7", "created_time": "2020-03-02T14:30:48.614Z", "last_updated_time": "2020-03-02T14:30:48.614Z", "author": 1, "is_deleted": false, "blog_type": 2}}, {"model": "comment.comment", "pk": 1, "fields": {"content_type": 7, "object_id": 31, "text": "sss", "comment_time": "2020-03-06T15:49:00.988Z", "user": 1, "root": null, "parent": null, "reply_to": null}}, {"model": "comment.comment", "pk": 2, "fields": {"content_type": 7, "object_id": 31, "text": "sssss", "comment_time": "2020-03-06T15:50:06.481Z", "user": 1, "root": null, "parent": null, "reply_to": null}}, {"model": "comment.comment", "pk": 3, "fields": {"content_type": 7, "object_id": 33, "text": "<p>&lt;p&gt;sds&lt;/p&gt;<img alt=\"smiley\" height=\"23\" src=\"http://localhost:8000/static/ckeditor/ckeditor/plugins/smiley/images/regular_smile.png\" title=\"smiley\" width=\"23\" /></p>", "comment_time": "2020-03-07T08:14:13.621Z", "user": 2, "root": null, "parent": null, "reply_to": null}}, {"model": "comment.comment", "pk": 4, "fields": {"content_type": 7, "object_id": 33, "text": "<p>&lt;b&gt;sdsa&lt;/b&gt;</p>", "comment_time": "2020-03-07T08:17:05.141Z", "user": 2, "root": null, "parent": null, "reply_to": null}}, {"model": "comment.comment", "pk": 5, "fields": {"content_type": 7, "object_id": 33, "text": "<p>&lt;b&gt;sdsa&lt;/b&gt;</p>", "comment_time": "2020-03-07T08:18:00.580Z", "user": 2, "root": null, "parent": null, "reply_to": null}}, {"model": "comment.comment", "pk": 6, "fields": {"content_type": 7, "object_id": 33, "text": "<p>&lt;h1&gt;wodsd&lt;/h1&gt;</p>", "comment_time": "2020-03-07T08:24:18.925Z", "user": 2, "root": null, "parent": null, "reply_to": null}}, {"model": "comment.comment", "pk": 7, "fields": {"content_type": 7, "object_id": 33, "text": "<p><em>sasas</em></p>", "comment_time": "2020-03-07T08:26:40.793Z", "user": 2, "root": null, "parent": null, "reply_to": null}}, {"model": "comment.comment", "pk": 8, "fields": {"content_type": 7, "object_id": 33, "text": "<p>sasas</p>", "comment_time": "2020-03-07T08:29:44.679Z", "user": 2, "root": null, "parent": null, "reply_to": null}}, {"model": "comment.comment", "pk": 9, "fields": {"content_type": 7, "object_id": 33, "text": "<p>\u56de\u590d\u6d4b\u8bd5</p>", "comment_time": "2020-03-08T04:41:54.533Z", "user": 1, "root": 8, "parent": 8, "reply_to": 2}}, {"model": "comment.comment", "pk": 10, "fields": {"content_type": 7, "object_id": 33, "text": "<p>\u4f60\u597d\u554a</p>", "comment_time": "2020-03-08T04:42:08.394Z", "user": 1, "root": 8, "parent": 9, "reply_to": 1}}, {"model": "comment.comment", "pk": 11, "fields": {"content_type": 7, "object_id": 33, "text": "<p>\u5faa\u73af</p>", "comment_time": "2020-03-08T04:42:36.123Z", "user": 1, "root": 8, "parent": 9, "reply_to": 1}}, {"model": "comment.comment", "pk": 12, "fields": {"content_type": 7, "object_id": 36, "text": "<p>\u6d4b\u8bd5\u7528</p>", "comment_time": "2020-03-08T14:34:30.364Z", "user": 1, "root": null, "parent": null, "reply_to": null}}, {"model": "comment.comment", "pk": 13, "fields": {"content_type": 7, "object_id": 36, "text": "<p>\u6d4b\u8bd5</p>", "comment_time": "2020-03-08T14:37:59.160Z", "user": 1, "root": 12, "parent": 12, "reply_to": 1}}, {"model": "comment.comment", "pk": 14, "fields": {"content_type": 7, "object_id": 36, "text": "<p>ok</p>", "comment_time": "2020-03-09T10:22:16.721Z", "user": 1, "root": null, "parent": null, "reply_to": null}}, {"model": "comment.comment", "pk": 15, "fields": {"content_type": 7, "object_id": 36, "text": "<p>\u6d4b\u8bd5\u6635\u79f0</p>", "comment_time": "2020-03-10T13:17:47.826Z", "user": 2, "root": null, "parent": null, "reply_to": null}}, {"model": "comment.comment", "pk": 16, "fields": {"content_type": 7, "object_id": 36, "text": "<p>sss</p>", "comment_time": "2020-03-11T12:30:55.545Z", "user": 2, "root": 15, "parent": 15, "reply_to": 2}}, {"model": "comment.comment", "pk": 17, "fields": {"content_type": 7, "object_id": 36, "text": "<p>sss</p>", "comment_time": "2020-03-11T12:32:20.170Z", "user": 2, "root": 15, "parent": 15, "reply_to": 2}}, {"model": "comment.comment", "pk": 18, "fields": {"content_type": 7, "object_id": 36, "text": "<p>sssss</p>", "comment_time": "2020-03-11T12:35:09.818Z", "user": 2, "root": 15, "parent": 17, "reply_to": 2}}, {"model": "comment.comment", "pk": 19, "fields": {"content_type": 7, "object_id": 36, "text": "<p>sssss</p>", "comment_time": "2020-03-11T12:35:12.356Z", "user": 2, "root": 15, "parent": 17, "reply_to": 2}}, {"model": "comment.comment", "pk": 20, "fields": {"content_type": 7, "object_id": 36, "text": "<p>go</p>", "comment_time": "2020-03-11T12:35:37.840Z", "user": 2, "root": null, "parent": null, "reply_to": null}}, {"model": "comment.comment", "pk": 21, "fields": {"content_type": 7, "object_id": 36, "text": "<p>go</p>", "comment_time": "2020-03-11T12:38:01.268Z", "user": 2, "root": null, "parent": null, "reply_to": null}}, {"model": "comment.comment", "pk": 22, "fields": {"content_type": 7, "object_id": 36, "text": "<p>\u6d4b\u8bd5</p>", "comment_time": "2020-03-11T12:40:11.215Z", "user": 2, "root": null, "parent": null, "reply_to": null}}, {"model": "comment.comment", "pk": 23, "fields": {"content_type": 7, "object_id": 36, "text": "<p>retest</p>", "comment_time": "2020-03-11T12:49:07.880Z", "user": 2, "root": null, "parent": null, "reply_to": null}}, {"model": "comment.comment", "pk": 24, "fields": {"content_type": 7, "object_id": 36, "text": "<p>gomy</p>", "comment_time": "2020-03-11T12:50:58.675Z", "user": 2, "root": null, "parent": null, "reply_to": null}}, {"model": "comment.comment", "pk": 25, "fields": {"content_type": 7, "object_id": 36, "text": "<p>\u6211\u662f</p>", "comment_time": "2020-03-11T12:53:53.795Z", "user": 2, "root": null, "parent": null, "reply_to": null}}, {"model": "comment.comment", "pk": 26, "fields": {"content_type": 7, "object_id": 36, "text": "<p>ddddd</p>", "comment_time": "2020-03-11T12:58:00.808Z", "user": 2, "root": null, "parent": null, "reply_to": null}}, {"model": "comment.comment", "pk": 27, "fields": {"content_type": 7, "object_id": 36, "text": "<p>\u6d4b\u8bd5</p>", "comment_time": "2020-03-11T13:01:02.299Z", "user": 2, "root": null, "parent": null, "reply_to": null}}, {"model": "comment.comment", "pk": 28, "fields": {"content_type": 7, "object_id": 36, "text": "<p>\u6d4b\u8bd5</p>", "comment_time": "2020-03-11T13:07:31.951Z", "user": 2, "root": null, "parent": null, "reply_to": null}}, {"model": "comment.comment", "pk": 29, "fields": {"content_type": 7, "object_id": 36, "text": "<p>\u6d4b\u8bd5</p>", "comment_time": "2020-03-11T13:07:52.139Z", "user": 2, "root": null, "parent": null, "reply_to": null}}, {"model": "comment.comment", "pk": 30, "fields": {"content_type": 7, "object_id": 36, "text": "<p>ssss</p>", "comment_time": "2020-03-11T13:17:46.998Z", "user": 2, "root": 29, "parent": 29, "reply_to": 2}}, {"model": "comment.comment", "pk": 31, "fields": {"content_type": 7, "object_id": 36, "text": "<p>ssss</p>", "comment_time": "2020-03-11T13:19:48.709Z", "user": 2, "root": 29, "parent": 29, "reply_to": 2}}, {"model": "comment.comment", "pk": 32, "fields": {"content_type": 7, "object_id": 36, "text": "<p>sssss</p>", "comment_time": "2020-03-11T13:22:19.021Z", "user": 2, "root": 29, "parent": 29, "reply_to": 2}}, {"model": "comment.comment", "pk": 33, "fields": {"content_type": 7, "object_id": 36, "text": "<p>sssss</p>", "comment_time": "2020-03-11T13:24:14.112Z", "user": 2, "root": 29, "parent": 29, "reply_to": 2}}, {"model": "comment.comment", "pk": 34, "fields": {"content_type": 7, "object_id": 36, "text": "<p>ssss</p>", "comment_time": "2020-03-11T13:55:59.320Z", "user": 2, "root": 29, "parent": 29, "reply_to": 2}}, {"model": "likes.likerecord", "pk": 3, "fields": {"content_type": 11, "object_id": 12, "user": 1, "liked_time": "2020-03-09T10:22:04.166Z"}}, {"model": "likes.likerecord", "pk": 4, "fields": {"content_type": 11, "object_id": 12, "user": 2, "liked_time": "2020-03-09T11:08:33.883Z"}}, {"model": "user.profile", "pk": 1, "fields": {"user": 2, "nickname": "EGOIST"}}, {"model": "user.profile", "pk": 2, "fields": {"user": 1, "nickname": "\u5218\u4fca"}}, {"model": "admin.logentry", "pk": 1, "fields": {"action_time": "2020-03-01T04:04:21.020Z", "user": 1, "content_type": 8, "object_id": "1", "object_repr": "sasa", "action_flag": 1, "change_message": "[{\"added\": {}}]"}}, {"model": "admin.logentry", "pk": 2, "fields": {"action_time": "2020-03-01T04:04:22.923Z", "user": 1, "content_type": 7, "object_id": "1", "object_repr": "Article:sds", "action_flag": 1, "change_message": "[{\"added\": {}}]"}}, {"model": "admin.logentry", "pk": 3, "fields": {"action_time": "2020-03-01T04:28:34.705Z", "user": 1, "content_type": 7, "object_id": "2", "object_repr": "Article:sds", "action_flag": 1, "change_message": "[{\"added\": {}}]"}}, {"model": "admin.logentry", "pk": 4, "fields": {"action_time": "2020-03-01T04:28:55.535Z", "user": 1, "content_type": 8, "object_id": "2", "object_repr": "\u5723\u6597\u58eb", "action_flag": 1, "change_message": "[{\"added\": {}}]"}}, {"model": "admin.logentry", "pk": 5, "fields": {"action_time": "2020-03-01T04:28:58.300Z", "user": 1, "content_type": 7, "object_id": "3", "object_repr": "Article:abc", "action_flag": 1, "change_message": "[{\"added\": {}}]"}}, {"model": "admin.logentry", "pk": 6, "fields": {"action_time": "2020-03-01T04:29:29.711Z", "user": 1, "content_type": 8, "object_id": "3", "object_repr": "gan", "action_flag": 1, "change_message": "[{\"added\": {}}]"}}, {"model": "admin.logentry", "pk": 7, "fields": {"action_time": "2020-03-01T04:29:32.795Z", "user": 1, "content_type": 7, "object_id": "4", "object_repr": "Article:23451", "action_flag": 1, "change_message": "[{\"added\": {}}]"}}, {"model": "admin.logentry", "pk": 8, "fields": {"action_time": "2020-03-01T13:11:07.930Z", "user": 1, "content_type": 7, "object_id": "5", "object_repr": "Article:\u6211\u662f\u8c01\u7684\u8c01", "action_flag": 1, "change_message": "[{\"added\": {}}]"}}, {"model": "admin.logentry", "pk": 9, "fields": {"action_time": "2020-03-04T06:52:18.680Z", "user": 1, "content_type": 7, "object_id": "35", "object_repr": "Article:\u5c0f\u7c73\u767e\u79d1", "action_flag": 2, "change_message": "[{\"changed\": {\"fields\": [\"title\", \"content\"]}}]"}}, {"model": "admin.logentry", "pk": 10, "fields": {"action_time": "2020-03-04T07:09:23.615Z", "user": 1, "content_type": 7, "object_id": "34", "object_repr": "Article:for 28", "action_flag": 2, "change_message": "[{\"changed\": {\"fields\": [\"content\"]}}]"}}, {"model": "admin.logentry", "pk": 11, "fields": {"action_time": "2020-03-04T07:38:15.925Z", "user": 1, "content_type": 7, "object_id": "35", "object_repr": "Article:\u5c0f\u7c73\u767e\u79d1", "action_flag": 2, "change_message": "[{\"changed\": {\"fields\": [\"content\"]}}]"}}, {"model": "admin.logentry", "pk": 12, "fields": {"action_time": "2020-03-05T05:09:36.088Z", "user": 1, "content_type": 10, "object_id": "6", "object_repr": "ReadDetail object (6)", "action_flag": 1, "change_message": "[{\"added\": {}}]"}}, {"model": "admin.logentry", "pk": 13, "fields": {"action_time": "2020-03-05T05:19:30.246Z", "user": 1, "content_type": 10, "object_id": "7", "object_repr": "ReadDetail object (7)", "action_flag": 1, "change_message": "[{\"added\": {}}]"}}, {"model": "admin.logentry", "pk": 14, "fields": {"action_time": "2020-03-06T02:48:18.153Z", "user": 1, "content_type": 10, "object_id": "15", "object_repr": "ReadDetail object (15)", "action_flag": 3, "change_message": ""}}, {"model": "admin.logentry", "pk": 15, "fields": {"action_time": "2020-03-06T02:48:18.302Z", "user": 1, "content_type": 10, "object_id": "14", "object_repr": "ReadDetail object (14)", "action_flag": 3, "change_message": ""}}, {"model": "admin.logentry", "pk": 16, "fields": {"action_time": "2020-03-06T02:48:18.407Z", "user": 1, "content_type": 10, "object_id": "13", "object_repr": "ReadDetail object (13)", "action_flag": 3, "change_message": ""}}, {"model": "admin.logentry", "pk": 17, "fields": {"action_time": "2020-03-06T02:48:18.510Z", "user": 1, "content_type": 10, "object_id": "12", "object_repr": "ReadDetail object (12)", "action_flag": 3, "change_message": ""}}, {"model": "admin.logentry", "pk": 18, "fields": {"action_time": "2020-03-06T02:48:18.594Z", "user": 1, "content_type": 10, "object_id": "11", "object_repr": "ReadDetail object (11)", "action_flag": 3, "change_message": ""}}, {"model": "admin.logentry", "pk": 19, "fields": {"action_time": "2020-03-06T02:48:18.678Z", "user": 1, "content_type": 10, "object_id": "10", "object_repr": "ReadDetail object (10)", "action_flag": 3, "change_message": ""}}, {"model": "admin.logentry", "pk": 20, "fields": {"action_time": "2020-03-06T02:48:18.760Z", "user": 1, "content_type": 10, "object_id": "9", "object_repr": "ReadDetail object (9)", "action_flag": 3, "change_message": ""}}, {"model": "admin.logentry", "pk": 21, "fields": {"action_time": "2020-03-06T02:48:18.919Z", "user": 1, "content_type": 10, "object_id": "8", "object_repr": "ReadDetail object (8)", "action_flag": 3, "change_message": ""}}, {"model": "admin.logentry", "pk": 22, "fields": {"action_time": "2020-03-06T02:48:19.010Z", "user": 1, "content_type": 10, "object_id": "7", "object_repr": "ReadDetail object (7)", "action_flag": 3, "change_message": ""}}, {"model": "admin.logentry", "pk": 23, "fields": {"action_time": "2020-03-06T02:48:19.127Z", "user": 1, "content_type": 10, "object_id": "6", "object_repr": "ReadDetail object (6)", "action_flag": 3, "change_message": ""}}, {"model": "admin.logentry", "pk": 24, "fields": {"action_time": "2020-03-06T02:48:19.226Z", "user": 1, "content_type": 10, "object_id": "5", "object_repr": "ReadDetail object (5)", "action_flag": 3, "change_message": ""}}, {"model": "admin.logentry", "pk": 25, "fields": {"action_time": "2020-03-06T02:48:19.327Z", "user": 1, "content_type": 10, "object_id": "4", "object_repr": "ReadDetail object (4)", "action_flag": 3, "change_message": ""}}, {"model": "admin.logentry", "pk": 26, "fields": {"action_time": "2020-03-06T02:48:19.419Z", "user": 1, "content_type": 10, "object_id": "3", "object_repr": "ReadDetail object (3)", "action_flag": 3, "change_message": ""}}, {"model": "admin.logentry", "pk": 27, "fields": {"action_time": "2020-03-06T02:48:19.517Z", "user": 1, "content_type": 10, "object_id": "2", "object_repr": "ReadDetail object (2)", "action_flag": 3, "change_message": ""}}, {"model": "admin.logentry", "pk": 28, "fields": {"action_time": "2020-03-06T02:48:19.618Z", "user": 1, "content_type": 10, "object_id": "1", "object_repr": "ReadDetail object (1)", "action_flag": 3, "change_message": ""}}, {"model": "admin.logentry", "pk": 29, "fields": {"action_time": "2020-03-06T02:48:50.276Z", "user": 1, "content_type": 9, "object_id": "11", "object_repr": "ReadNum object (11)", "action_flag": 3, "change_message": ""}}, {"model": "admin.logentry", "pk": 30, "fields": {"action_time": "2020-03-06T02:48:50.653Z", "user": 1, "content_type": 9, "object_id": "10", "object_repr": "ReadNum object (10)", "action_flag": 3, "change_message": ""}}, {"model": "admin.logentry", "pk": 31, "fields": {"action_time": "2020-03-06T02:48:50.743Z", "user": 1, "content_type": 9, "object_id": "9", "object_repr": "ReadNum object (9)", "action_flag": 3, "change_message": ""}}, {"model": "admin.logentry", "pk": 32, "fields": {"action_time": "2020-03-06T02:48:50.836Z", "user": 1, "content_type": 9, "object_id": "8", "object_repr": "ReadNum object (8)", "action_flag": 3, "change_message": ""}}, {"model": "admin.logentry", "pk": 33, "fields": {"action_time": "2020-03-06T02:48:50.918Z", "user": 1, "content_type": 9, "object_id": "7", "object_repr": "ReadNum object (7)", "action_flag": 3, "change_message": ""}}, {"model": "admin.logentry", "pk": 34, "fields": {"action_time": "2020-03-06T02:48:51.002Z", "user": 1, "content_type": 9, "object_id": "6", "object_repr": "ReadNum object (6)", "action_flag": 3, "change_message": ""}}, {"model": "admin.logentry", "pk": 35, "fields": {"action_time": "2020-03-06T02:48:51.085Z", "user": 1, "content_type": 9, "object_id": "5", "object_repr": "ReadNum object (5)", "action_flag": 3, "change_message": ""}}, {"model": "admin.logentry", "pk": 36, "fields": {"action_time": "2020-03-06T02:48:51.210Z", "user": 1, "content_type": 9, "object_id": "4", "object_repr": "ReadNum object (4)", "action_flag": 3, "change_message": ""}}, {"model": "admin.logentry", "pk": 37, "fields": {"action_time": "2020-03-06T02:48:51.346Z", "user": 1, "content_type": 9, "object_id": "3", "object_repr": "ReadNum object (3)", "action_flag": 3, "change_message": ""}}, {"model": "admin.logentry", "pk": 38, "fields": {"action_time": "2020-03-06T02:48:51.485Z", "user": 1, "content_type": 9, "object_id": "2", "object_repr": "ReadNum object (2)", "action_flag": 3, "change_message": ""}}, {"model": "admin.logentry", "pk": 39, "fields": {"action_time": "2020-03-06T02:48:51.576Z", "user": 1, "content_type": 9, "object_id": "1", "object_repr": "ReadNum object (1)", "action_flag": 3, "change_message": ""}}, {"model": "admin.logentry", "pk": 40, "fields": {"action_time": "2020-03-07T08:28:56.167Z", "user": 1, "content_type": 11, "object_id": "7", "object_repr": "Comment object (7)", "action_flag": 2, "change_message": "[]"}}, {"model": "admin.logentry", "pk": 41, "fields": {"action_time": "2020-03-07T08:29:09.370Z", "user": 1, "content_type": 11, "object_id": "7", "object_repr": "Comment object (7)", "action_flag": 2, "change_message": "[]"}}, {"model": "admin.logentry", "pk": 42, "fields": {"action_time": "2020-03-07T08:29:17.127Z", "user": 1, "content_type": 11, "object_id": "7", "object_repr": "Comment object (7)", "action_flag": 2, "change_message": "[]"}}, {"model": "admin.logentry", "pk": 43, "fields": {"action_time": "2020-03-07T08:29:44.683Z", "user": 1, "content_type": 11, "object_id": "8", "object_repr": "Comment object (8)", "action_flag": 1, "change_message": "[{\"added\": {}}]"}}, {"model": "admin.logentry", "pk": 44, "fields": {"action_time": "2020-03-10T04:02:42.733Z", "user": 1, "content_type": 4, "object_id": "2", "object_repr": "egoist", "action_flag": 2, "change_message": "[{\"changed\": {\"fields\": [\"last_login\"]}}, {\"added\": {\"name\": \"profile\", \"object\": \"<Profile: EGOIST for egoist>\"}}]"}}]